Date,Product,Region,Units_Sold,Unit_Price,Total_Sales
2023-04-13,Phone,North,4,911.24,3644.96
2023-12-15,Phone,North,6,238.43,1430.58
2023-09-28,Laptop,North,9,991.08,8919.720000000001
2023-04-17,Tablet,North,14,959.36,13431.04
2023-03-13,Tablet,West,12,545.21,6542.52
2023-07-08,Monitor,North,4,561.45,2245.8
2023-01-21,Tablet,East,12,533.39,6400.68
2023-04-13,Headphones,West,10,671.9,6719.0
2023-05-02,Tablet,South,7,181.65,1271.55
2023-08-03,Monitor,South,3,129.36,388.08000000000004
2023-11-27,Tablet,East,14,151.93,2127.02
2023-03-29,Headphones,East,10,499.93,4999.3
2023-04-10,Laptop,West,16,347.99,5567.84
2023-12-26,Monitor,South,16,659.84,10557.44
2023-06-01,Laptop,South,10,993.2,9932.0
2023-05-11,Laptop,South,13,447.69,5819.97
2023-05-30,Laptop,South,6,616.46,3698.76
2023-11-05,Phone,South,12,474.04,5688.4800000000005
2023-09-15,Phone,North,9,862.54,7762.86
2023-12-10,Laptop,East,13,912.01,11856.13
2023-10-21,Monitor,North,4,889.62,3558.48
2023-07-11,Headphones,South,11,976.94,10746.34
2023-10-04,Headphones,West,18,124.77,2245.86
2023-06-10,Tablet,West,11,855.83,9414.130000000001
2023-11-10,Monitor,South,4,776.59,3106.36
2023-01-22,Phone,South,18,305.82,5504.76
2023-09-10,Laptop,West,1,960.69,960.69
2023-08-24,Tablet,North,7,233.36,1633.52
2023-12-11,Headphones,North,6,711.59,4269.54
2023-02-18,Phone,South,15,302.4,4536.0
2023-02-28,Phone,North,18,488.24,8788.32
2023-06-19,Laptop,West,11,747.24,8219.64
2023-07-07,Headphones,North,15,606.99,9104.85
2023-09-28,Monitor,South,16,484.75,7756.0
2023-07-09,Phone,West,7,393.7,2755.9
2023-06-24,Laptop,North,10,855.69,8556.900000000001
2023-02-20,Monitor,East,12,229.43,2753.16
2023-12-30,Headphones,West,14,487.09,6819.259999999999
2023-02-24,Phone,West,5,913.38,4566.9
2023-09-01,Monitor,East,18,861.26,15502.68
2023-11-16,Monitor,East,5,460.85,2304.25
2023-05-11,Monitor,West,3,786.8,2360.3999999999996
2023-11-03,Phone,East,5,840.84,4204.2
2023-05-15,Phone,South,17,900.0,15300.0
2023-01-21,Tablet,South,19,590.06,11211.14
2023-11-25,Headphones,South,19,284.01,5396.19
2023-06-16,Laptop,West,12,329.78,3957.3599999999997
2023-10-01,Monitor,East,9,366.13,3295.17
2023-03-30,Tablet,East,1,634.42,634.42
2023-11-12,Laptop,North,18,129.53,2331.54
2023-01-14,Tablet,North,4,672.44,2689.76
2023-08-30,Phone,East,10,427.92,4279.2
2023-09-22,Monitor,East,7,365.72,2560.04
2023-12-12,Laptop,East,1,891.55,891.55
2023-02-22,Laptop,West,17,514.0,8738.0
2023-12-06,Laptop,East,2,185.55,371.1
2023-04-02,Laptop,North,11,844.07,9284.77
2023-09-21,Laptop,West,9,142.88,1285.92
2023-02-04,Tablet,East,7,754.07,5278.490000000001
2023-07-25,Monitor,North,17,796.52,13540.84
2023-03-22,Phone,West,17,417.34,7094.78
2023-02-19,Phone,East,2,842.31,1684.62
2023-12-26,Phone,East,6,564.09,3384.54
2023-01-02,Phone,East,14,516.96,7237.4400000000005
2023-02-23,Tablet,West,6,140.86,845.1600000000001
2023-04-16,Headphones,North,2,361.03,722.06
2023-09-17,Monitor,North,1,937.91,937.91
2023-11-06,Laptop,South,10,452.64,4526.4
2023-07-10,Headphones,East,5,592.03,2960.1499999999996
2023-08-06,Phone,South,2,578.82,1157.64
2023-02-13,Headphones,South,16,631.39,10102.24
2023-06-11,Monitor,North,2,155.2,310.4
2023-07-21,Laptop,West,10,425.96,4259.599999999999
2023-09-27,Laptop,West,2,750.82,1501.64
2023-12-17,Monitor,North,16,280.5,4488.0
2023-10-31,Monitor,West,16,283.22,4531.52
2023-09-28,Phone,South,19,109.08,2072.52
2023-08-03,Laptop,East,7,493.73,3456.11
2023-09-09,Headphones,North,12,894.46,10733.52
2023-07-09,Tablet,East,15,146.71,2200.65
2023-10-23,Tablet,West,8,272.01,2176.08
2023-08-01,Monitor,East,6,379.08,2274.48
2023-07-27,Phone,West,10,758.55,7585.5
2023-08-25,Tablet,West,3,676.57,2029.71
2023-12-04,Laptop,South,19,474.35,9012.65
2023-02-22,Monitor,West,17,783.16,13313.72
2023-10-07,Headphones,South,7,648.67,4540.69
2023-08-05,Monitor,South,4,906.44,3625.76
2023-09-09,Headphones,South,14,836.22,11707.08
2023-07-07,Monitor,North,15,327.53,4912.95
2023-02-10,Monitor,North,8,344.29,2754.32
2023-06-06,Monitor,West,15,212.82,3192.2999999999997
2023-01-15,Headphones,South,14,403.27,5645.78
2023-10-28,Headphones,North,9,999.59,8996.31
2023-03-06,Monitor,South,8,465.18,3721.44
2023-12-11,Tablet,East,17,298.44,5073.48
2023-11-23,Phone,East,2,786.23,1572.46
2023-01-09,Phone,East,3,588.22,1764.66
2023-12-10,Phone,West,8,234.64,1877.12
2023-05-09,Headphones,South,12,442.62,5311.4400000000005
2023-05-16,Headphones,East,1,473.02,473.02
2023-03-04,Tablet,North,10,778.45,7784.5
2023-05-19,Phone,East,3,118.6,355.79999999999995
2023-03-22,Phone,East,6,342.12,2052.7200000000003
2023-06-12,Monitor,East,7,565.84,3960.88
2023-10-16,Headphones,West,18,341.96,6155.28
2023-09-18,Phone,North,11,665.59,7321.490000000001
2023-08-19,Tablet,South,19,533.68,10139.919999999998
2023-02-10,Tablet,North,5,425.54,2127.7000000000003
2023-01-28,Phone,South,19,954.29,18131.51
2023-05-15,Headphones,West,11,668.94,7358.34
2023-07-20,Tablet,West,12,216.95,2603.3999999999996
2023-11-24,Monitor,West,10,604.08,6040.8
2023-09-25,Tablet,West,8,802.66,6421.28
2023-02-02,Laptop,South,9,737.64,6638.76
2023-02-17,Laptop,East,4,254.88,1019.52
2023-03-03,Headphones,South,5,975.18,4875.9
2023-08-04,Phone,North,8,503.93,4031.44
2023-10-20,Headphones,West,9,243.12,2188.08
2023-04-09,Headphones,West,15,262.18,3932.7000000000003
2023-06-21,Headphones,North,15,188.41,2826.15
2023-12-26,Headphones,South,16,823.17,13170.72
2023-08-02,Monitor,East,14,209.83,2937.6200000000003
2023-02-04,Monitor,East,8,212.61,1700.88
2023-08-15,Tablet,North,18,865.42,15577.56
2023-04-11,Laptop,East,10,410.14,4101.4
2023-05-11,Headphones,South,6,127.77,766.62
2023-09-14,Tablet,South,12,146.71,1760.52
2023-01-05,Laptop,North,2,227.95,455.9
2023-08-06,Phone,South,7,292.05,2044.3500000000001
2023-09-12,Monitor,West,16,698.63,11178.08
2023-12-25,Laptop,North,3,241.59,724.77
2023-10-10,Phone,South,13,206.99,2690.87
2023-07-26,Laptop,North,3,788.25,2364.75
2023-01-15,Monitor,East,18,703.95,12671.1
2023-12-12,Monitor,South,11,491.79,5409.6900000000005
2023-02-11,Tablet,West,8,594.38,4755.04
2023-06-28,Headphones,South,6,380.79,2284.7400000000002
2023-03-04,Laptop,North,1,534.25,534.25
2023-12-18,Laptop,North,1,556.01,556.01
2023-08-19,Phone,South,8,448.51,3588.08
2023-08-29,Monitor,West,5,915.91,4579.55
2023-02-21,Laptop,West,16,114.46,1831.36
2023-04-06,Monitor,West,11,803.95,8843.45
2023-08-10,Laptop,North,5,211.94,1059.7
2023-08-19,Tablet,South,4,817.79,3271.16
2023-08-25,Headphones,East,6,654.32,3925.92
2023-05-23,Laptop,North,14,858.95,12025.300000000001
2023-06-20,Monitor,West,19,187.76,3567.4399999999996
2023-01-29,Tablet,South,9,603.08,5427.72
2023-02-05,Laptop,West,12,550.98,6611.76
2023-01-13,Phone,East,11,735.57,8091.27
2023-06-09,Headphones,West,14,580.86,8132.04
2023-11-23,Laptop,West,16,586.66,9386.56
2023-07-06,Tablet,East,1,486.64,486.64
2023-08-31,Phone,South,13,377.95,4913.349999999999
2023-03-27,Tablet,North,13,534.04,6942.5199999999995
2023-10-11,Tablet,South,2,206.64,413.28
2023-03-07,Phone,East,4,965.36,3861.44
2023-06-19,Tablet,West,6,742.97,4457.82
2023-02-14,Phone,South,5,957.22,4786.1
2023-03-03,Laptop,North,3,304.05,912.1500000000001
2023-05-14,Phone,East,1,891.41,891.41
2023-10-11,Phone,South,4,827.91,3311.64
2023-01-28,Headphones,North,2,709.44,1418.88
2023-04-18,Phone,East,5,662.53,3312.6499999999996
2023-02-13,Phone,North,3,384.89,1154.67
2023-12-06,Laptop,East,9,834.77,7512.93
2023-10-13,Headphones,West,6,551.36,3308.16
2023-11-27,Monitor,South,18,163.8,2948.4
2023-05-08,Laptop,North,6,381.58,2289.48
2023-12-14,Laptop,East,19,941.77,17893.63
2023-08-19,Monitor,North,12,865.61,10387.32
2023-07-09,Phone,North,11,983.72,10820.92
2023-08-13,Tablet,South,2,665.19,1330.38
2023-10-10,Headphones,West,15,322.76,4841.4
2023-05-01,Tablet,North,12,246.53,2958.36
2023-04-26,Monitor,East,12,268.22,3218.6400000000003
2023-08-21,Laptop,East,9,117.82,1060.3799999999999
2023-09-16,Laptop,West,2,451.61,903.22
2023-12-25,Headphones,East,3,272.28,816.8399999999999
2023-07-17,Laptop,West,12,470.49,5645.88
2023-05-17,Laptop,East,16,941.49,15063.84
2023-11-14,Headphones,South,1,487.49,487.49
2023-06-14,Headphones,North,3,890.19,2670.57
2023-08-13,Monitor,South,2,644.95,1289.9
2023-11-03,Laptop,North,9,322.42,2901.78
2023-08-22,Laptop,North,19,420.27,7985.129999999999
2023-06-21,Monitor,North,15,175.53,2632.95
2023-06-01,Phone,South,18,400.12,7202.16
2023-11-11,Phone,North,11,709.79,7807.69
2023-06-09,Phone,South,16,164.9,2638.4
2023-04-06,Monitor,West,17,284.86,4842.62
2023-08-21,Laptop,East,5,443.3,2216.5
2023-06-29,Monitor,East,12,983.84,11806.08
2023-04-23,Monitor,North,11,806.38,8870.18
2023-11-14,Phone,South,15,760.14,11402.1
2023-02-21,Tablet,East,3,204.57,613.71
2023-09-25,Laptop,South,1,802.9,802.9
2023-10-22,Phone,South,16,806.74,12907.84
2023-04-23,Tablet,North,2,640.99,1281.98
2023-04-11,Tablet,East,2,991.33,1982.66
2023-04-23,Headphones,North,3,392.73,1178.19
2023-03-22,Laptop,North,8,947.15,7577.2
2023-07-06,Tablet,East,15,923.26,13848.9
2023-04-23,Phone,East,7,110.33,772.31
2023-01-02,Headphones,West,6,505.1,3030.6000000000004
2023-05-10,Laptop,West,9,979.39,8814.51
2023-08-08,Monitor,South,1,192.81,192.81
2023-02-23,Phone,East,8,593.01,4744.08
2023-12-09,Tablet,West,3,981.06,2943.18
2023-08-12,Tablet,South,4,599.95,2399.8
2023-08-13,Phone,South,15,270.83,4062.45
2023-05-06,Tablet,South,6,623.96,3743.76
2023-05-10,Headphones,West,15,284.0,4260.0
2023-02-22,Laptop,East,3,567.73,1703.19
2023-06-21,Headphones,North,14,166.64,2332.96
2023-08-06,Tablet,South,14,644.93,9029.019999999999
2023-06-09,Monitor,West,4,565.11,2260.44
2023-07-17,Laptop,West,12,766.15,9193.8
2023-09-04,Laptop,North,17,667.63,11349.71
2023-11-20,Phone,North,7,594.65,4162.55
2023-07-22,Phone,West,9,720.8,6487.2
2023-07-03,Monitor,East,3,229.55,688.6500000000001
2023-05-03,Laptop,North,13,635.82,8265.66
2023-09-12,Monitor,West,15,254.9,3823.5
2023-10-21,Phone,North,18,932.97,16793.46
2023-10-07,Phone,East,19,161.5,3068.5
2023-11-21,Laptop,South,1,487.34,487.34
2023-04-08,Headphones,North,6,726.22,4357.32
2023-07-17,Tablet,East,2,512.22,1024.44
2023-08-28,Phone,West,14,182.89,2560.46
2023-05-24,Phone,North,6,598.04,3588.24
2023-04-07,Headphones,North,14,677.47,9484.58
2023-07-20,Headphones,West,4,733.41,2933.64
2023-05-04,Monitor,South,8,435.93,3487.44
2023-07-06,Monitor,West,3,607.29,1821.87
2023-11-22,Tablet,North,19,505.62,9606.78
2023-12-15,Tablet,West,14,704.85,9867.9
2023-09-16,Laptop,East,17,625.2,10628.400000000001
2023-05-28,Monitor,West,8,573.18,4585.44
2023-09-09,Phone,North,14,324.57,4543.98
2023-12-12,Monitor,West,6,101.82,610.92
2023-05-27,Phone,South,16,256.67,4106.72
2023-05-28,Headphones,West,19,205.36,3901.84
2023-12-18,Monitor,South,14,504.18,7058.52
2023-07-18,Headphones,East,19,651.03,12369.57
2023-11-04,Tablet,South,3,291.78,875.3399999999999
2023-05-08,Tablet,West,10,945.15,9451.5
2023-02-08,Laptop,North,19,106.01,2014.19
2023-12-04,Monitor,South,9,795.07,7155.63
2023-12-26,Headphones,East,13,662.68,8614.84
2023-05-09,Phone,South,7,436.2,3053.4
2023-09-24,Tablet,South,14,145.44,2036.1599999999999
2023-05-31,Tablet,South,9,664.74,5982.66
2023-10-25,Phone,East,19,447.05,8493.95
2023-04-09,Headphones,West,15,942.64,14139.6
2023-09-20,Headphones,South,14,587.79,8229.06
2023-09-09,Monitor,South,6,945.69,5674.14
2023-05-24,Monitor,North,4,298.44,1193.76
2023-12-12,Laptop,East,8,753.15,6025.2
2023-04-22,Tablet,South,17,655.52,11143.84
2023-03-01,Monitor,East,9,765.47,6889.2300000000005
2023-01-02,Headphones,South,1,293.2,293.2
2023-10-31,Phone,West,14,698.5,9779.0
2023-09-11,Headphones,West,11,548.24,6030.64
2023-05-20,Tablet,South,3,768.54,2305.62
2023-02-06,Headphones,West,9,394.34,3549.06
2023-06-09,Laptop,South,14,901.05,12614.699999999999
2023-01-09,Tablet,West,9,175.87,1582.83
2023-08-21,Phone,North,4,826.47,3305.88
2023-04-09,Laptop,North,4,875.19,3500.76
2023-05-27,Tablet,North,8,835.53,6684.24
2023-10-31,Phone,East,2,561.45,1122.9
2023-07-27,Laptop,East,9,494.55,4450.95
2023-05-11,Laptop,North,14,996.64,13952.96
2023-06-01,Tablet,East,9,306.25,2756.25
2023-02-23,Monitor,West,16,592.19,9475.04
2023-04-30,Laptop,South,17,703.61,11961.37
2023-06-10,Laptop,South,16,730.78,11692.48
2023-04-26,Phone,South,12,283.62,3403.44
2023-03-16,Headphones,North,3,688.59,2065.77
2023-04-23,Tablet,East,11,836.53,9201.83
2023-04-14,Tablet,West,14,145.02,2030.2800000000002
2023-12-06,Monitor,West,18,920.37,16566.66
2023-09-11,Monitor,North,5,126.55,632.75
2023-08-15,Tablet,West,16,420.37,6725.92
2023-04-22,Monitor,West,5,114.23,571.15
2023-04-09,Phone,West,3,169.43,508.29
2023-06-02,Tablet,West,12,920.05,11040.599999999999
2023-12-15,Monitor,East,1,419.37,419.37
2023-12-04,Tablet,West,9,482.29,4340.610000000001
2023-07-13,Headphones,South,9,293.81,2644.29
2023-11-06,Laptop,North,4,637.39,2549.56
2023-06-12,Tablet,East,3,635.32,1905.96
2023-07-27,Laptop,West,17,434.98,7394.66
2023-06-18,Monitor,East,2,399.73,799.46
2023-06-10,Laptop,West,1,896.47,896.47
2023-03-09,Tablet,South,8,444.96,3559.68
2023-10-16,Headphones,North,13,544.15,7073.95
2023-10-04,Monitor,West,15,354.97,5324.55
2023-10-31,Tablet,West,8,808.09,6464.72
2023-05-15,Monitor,West,12,457.7,5492.4
2023-07-14,Phone,West,12,562.25,6747.0
2023-05-08,Laptop,North,14,328.02,4592.28
2023-02-02,Phone,North,15,988.89,14833.35
2023-06-25,Tablet,South,15,362.35,5435.25
2023-01-22,Headphones,North,9,793.67,7143.03
2023-08-26,Monitor,West,19,484.75,9210.25
2023-06-07,Laptop,South,8,285.6,2284.8
2023-02-07,Monitor,South,19,819.75,15575.25
2023-08-18,Tablet,South,6,400.25,2401.5
2023-12-31,Monitor,West,19,878.67,16694.73
2023-02-20,Laptop,East,4,923.73,3694.92
2023-09-21,Tablet,West,7,873.84,6116.88
2023-10-10,Monitor,North,4,131.51,526.04
2023-01-27,Headphones,North,12,808.64,9703.68
2023-08-14,Tablet,West,13,470.21,6112.73
2023-10-04,Tablet,West,3,886.35,2659.05
2023-10-13,Headphones,South,12,674.16,8089.92
2023-04-07,Phone,West,2,850.28,1700.56
2023-10-11,Laptop,South,2,549.49,1098.98
2023-11-13,Phone,North,9,581.52,5233.68
2023-10-31,Monitor,South,1,229.95,229.95
2023-05-27,Headphones,West,8,805.59,6444.72
2023-01-04,Phone,North,6,477.45,2864.7
2023-02-04,Tablet,East,6,550.07,3300.42
2023-07-11,Monitor,South,18,806.59,14518.62
2023-02-18,Monitor,North,17,638.96,10862.32
2023-01-17,Phone,South,12,280.99,3371.88
2023-06-21,Phone,North,6,631.21,3787.26
2023-08-08,Headphones,North,8,466.87,3734.96
2023-06-07,Laptop,South,19,522.57,9928.830000000002
2023-02-15,Phone,East,10,125.48,1254.8
2023-01-06,Phone,North,1,289.03,289.03
2023-04-09,Tablet,North,13,352.93,4588.09
2023-08-21,Monitor,North,17,741.66,12608.22
2023-02-06,Laptop,East,3,110.34,331.02
2023-10-07,Tablet,East,8,467.9,3743.2
2023-12-15,Headphones,West,14,931.62,13042.68
2023-10-29,Headphones,South,3,200.69,602.0699999999999
2023-06-30,Phone,East,16,564.78,9036.48
2023-04-05,Phone,South,13,807.87,10502.31
2023-04-09,Headphones,West,17,948.28,16120.76
2023-07-07,Phone,South,13,772.1,10037.300000000001
2023-04-26,Laptop,East,6,748.51,4491.0599999999995
2023-07-10,Phone,South,17,843.84,14345.28
2023-09-10,Monitor,East,14,501.58,7022.12
2023-06-10,Phone,South,17,825.26,14029.42
2023-09-13,Tablet,East,8,107.17,857.36
2023-11-19,Laptop,East,11,932.1,10253.1
2023-05-08,Tablet,South,1,498.98,498.98
2023-01-18,Tablet,West,7,598.04,4186.28
2023-10-08,Monitor,North,17,329.39,5599.63
2023-08-11,Laptop,West,10,768.28,7682.799999999999
2023-02-23,Laptop,South,11,168.97,1858.67
2023-02-27,Laptop,West,9,885.37,7968.33
2023-11-19,Laptop,East,9,845.31,7607.789999999999
2023-12-26,Laptop,North,5,294.45,1472.25
2023-06-23,Monitor,South,17,828.39,14082.63
2023-10-07,Phone,South,9,807.72,7269.4800000000005
2023-04-24,Tablet,South,17,668.99,11372.83
2023-10-15,Laptop,North,19,436.17,8287.23
2023-12-08,Phone,East,7,344.35,2410.4500000000003
2023-05-31,Phone,South,9,308.61,2777.4900000000002
2023-05-07,Tablet,West,7,386.75,2707.25
2023-06-04,Monitor,South,13,913.2,11871.6
2023-09-30,Headphones,South,11,169.88,1868.6799999999998
2023-04-14,Headphones,South,14,845.98,11843.720000000001
2023-10-26,Phone,South,19,414.0,7866.0
2023-09-03,Tablet,East,11,569.44,6263.84
2023-06-25,Headphones,West,13,815.04,10595.52
2023-02-08,Phone,East,14,895.94,12543.16
2023-06-19,Monitor,West,13,410.3,5333.900000000001
2023-09-04,Headphones,South,1,515.66,515.66
2023-01-26,Phone,North,8,473.06,3784.48
2023-12-21,Phone,East,12,111.93,1343.16
2023-11-02,Laptop,North,19,366.35,6960.650000000001
2023-01-13,Monitor,East,12,513.27,6159.24
2023-11-12,Laptop,South,8,469.98,3759.84
2023-11-09,Tablet,East,8,749.74,5997.92
2023-02-05,Laptop,South,13,446.32,5802.16
2023-06-22,Laptop,East,12,540.44,6485.280000000001
2023-01-20,Headphones,South,16,486.65,7786.4
2023-11-17,Phone,South,1,766.56,766.56
2023-09-21,Monitor,West,13,876.68,11396.84
2023-05-22,Laptop,South,7,578.7,4050.9000000000005
2023-05-23,Monitor,West,5,810.49,4052.45
2023-04-02,Laptop,South,8,367.11,2936.88
2023-12-20,Tablet,North,14,587.23,8221.220000000001
2023-11-18,Laptop,South,13,410.71,5339.23
2023-10-15,Headphones,North,15,472.78,7091.7
2023-08-03,Phone,North,17,759.17,12905.89
2023-12-08,Tablet,South,15,893.5,13402.5
2023-02-20,Laptop,North,18,209.35,3768.2999999999997
2023-06-02,Monitor,West,18,671.18,12081.24
2023-07-05,Tablet,East,2,623.93,1247.86
2023-03-04,Tablet,South,4,206.57,826.28
2023-07-09,Laptop,North,1,290.7,290.7
2023-05-05,Tablet,South,4,379.9,1519.6
2023-05-30,Monitor,West,18,250.24,4504.32
2023-11-10,Tablet,South,5,319.36,1596.8000000000002
2023-02-27,Monitor,South,19,340.84,6475.959999999999
2023-12-08,Laptop,North,15,402.11,6031.650000000001
2023-11-01,Phone,West,8,774.45,6195.6
2023-06-29,Tablet,East,17,614.72,10450.24
2023-06-19,Phone,East,1,987.62,987.62
2023-11-22,Monitor,North,12,473.26,5679.12
2023-09-28,Tablet,South,19,778.48,14791.12
2023-02-23,Headphones,North,15,884.32,13264.800000000001
2023-04-11,Phone,North,9,711.08,6399.72
2023-09-21,Tablet,North,7,470.68,3294.76
2023-02-22,Phone,South,2,778.24,1556.48
2023-03-01,Tablet,West,9,283.3,2549.7000000000003
2023-04-18,Laptop,North,10,394.8,3948.0
2023-01-05,Phone,South,2,592.02,1184.04
2023-04-13,Headphones,West,19,617.87,11739.53
2023-07-15,Headphones,North,11,119.93,1319.23
2023-09-19,Monitor,East,13,950.6,12357.800000000001
2023-12-31,Tablet,West,10,726.96,7269.6
2023-12-16,Phone,North,14,546.13,7645.82
2023-02-16,Monitor,West,18,939.81,16916.579999999998
2023-12-21,Phone,West,19,495.19,9408.61
2023-11-07,Tablet,West,9,982.39,8841.51
2023-11-04,Headphones,West,7,561.06,3927.4199999999996
2023-05-24,Laptop,West,3,202.86,608.58
2023-09-26,Headphones,West,6,788.32,4729.92
2023-05-04,Monitor,North,2,711.01,1422.02
2023-04-16,Laptop,East,6,795.69,4774.14
2023-06-07,Monitor,South,3,956.3,2868.8999999999996
2023-05-27,Tablet,West,16,798.84,12781.44
2023-05-25,Laptop,South,8,650.2,5201.6
2023-04-30,Monitor,North,2,871.58,1743.16
2023-11-15,Tablet,West,17,705.92,12000.64
2023-10-02,Headphones,East,9,467.31,4205.79
2023-04-02,Tablet,South,12,897.06,10764.72
2023-02-27,Phone,West,3,299.71,899.1299999999999
2023-12-12,Tablet,North,11,743.18,8174.98
2023-08-17,Tablet,East,1,893.41,893.41
2023-04-27,Phone,South,13,758.18,9856.34
2023-11-14,Monitor,South,15,727.55,10913.25
2023-10-06,Monitor,West,5,777.37,3886.85
2023-05-07,Tablet,East,17,518.55,8815.349999999999
2023-05-09,Phone,East,6,886.75,5320.5
2023-02-27,Phone,East,11,283.09,3113.99
2023-05-02,Headphones,East,18,214.65,3863.7000000000003
2023-01-01,Monitor,North,4,356.96,1427.84
2023-08-27,Laptop,East,3,578.42,1735.2599999999998
2023-10-17,Monitor,South,13,559.51,7273.63
2023-04-06,Monitor,South,9,838.54,7546.86
2023-05-06,Headphones,North,6,464.11,2784.66
2023-04-28,Laptop,South,12,535.91,6430.92
2023-02-17,Headphones,South,2,112.03,224.06
2023-03-30,Laptop,East,3,468.77,1406.31
2023-08-25,Tablet,South,3,683.0,2049.0
2023-09-29,Laptop,North,12,113.96,1367.52
2023-07-08,Headphones,East,15,352.79,5291.85
2023-07-11,Monitor,West,9,287.16,2584.44
2023-03-10,Laptop,East,8,137.79,1102.32
2023-10-05,Laptop,North,11,531.33,5844.63
2023-12-15,Phone,East,16,263.55,4216.8
2023-09-04,Monitor,East,4,768.77,3075.08
2023-03-17,Tablet,North,1,863.14,863.14
2023-06-03,Headphones,East,7,591.03,4137.21
2023-05-24,Tablet,North,2,983.54,1967.08
2023-03-27,Monitor,North,5,505.43,2527.15
2023-07-04,Laptop,West,7,562.03,3934.21
2023-10-12,Laptop,South,4,990.3,3961.2
2023-08-08,Monitor,South,5,308.39,1541.9499999999998
2023-03-10,Laptop,East,1,948.29,948.29
2023-02-16,Laptop,East,1,138.55,138.55
2023-04-04,Laptop,West,15,501.75,7526.25
2023-08-26,Headphones,West,19,163.0,3097.0
2023-07-23,Headphones,West,10,756.31,7563.099999999999
2023-08-06,Phone,North,18,647.57,11656.26
2023-12-07,Tablet,West,3,735.97,2207.91
2023-02-08,Monitor,West,11,437.03,4807.33
2023-04-10,Monitor,East,15,432.53,6487.95
2023-10-16,Monitor,West,11,140.79,1548.6899999999998
2023-09-11,Phone,North,17,414.95,7054.15
2023-08-10,Headphones,North,17,936.36,15918.12
2023-12-23,Phone,East,6,441.3,2647.8
2023-01-23,Monitor,West,5,848.23,4241.15
2023-09-07,Tablet,West,8,858.09,6864.72
2023-01-10,Laptop,North,2,435.92,871.84
2023-09-03,Headphones,West,16,668.79,10700.64
2023-11-21,Headphones,West,12,185.83,2229.96
2023-04-10,Phone,West,6,193.31,1159.8600000000001
2023-10-17,Headphones,South,1,143.79,143.79
2023-06-29,Monitor,East,4,622.91,2491.64
2023-08-11,Monitor,South,17,483.46,8218.82
2023-09-07,Phone,East,13,593.23,7711.99
2023-05-27,Monitor,North,18,568.97,10241.460000000001
2023-04-06,Tablet,West,5,415.18,2075.9
2023-09-14,Phone,East,3,709.73,2129.19
2023-11-21,Tablet,South,11,782.65,8609.15
2023-01-04,Laptop,West,13,113.17,1471.21
2023-01-16,Tablet,North,4,286.52,1146.08
2023-10-07,Laptop,East,14,741.91,10386.74
2023-12-02,Laptop,East,11,447.96,4927.5599999999995
2023-09-04,Tablet,East,10,696.24,6962.4
2023-09-15,Phone,West,19,412.27,7833.129999999999
2023-06-09,Monitor,South,18,451.68,8130.24
2023-12-06,Monitor,South,6,242.81,1456.8600000000001
2023-06-01,Laptop,East,15,332.41,4986.150000000001
2023-06-27,Laptop,North,10,644.87,6448.7
2023-06-12,Phone,North,5,489.85,2449.25
2023-02-02,Headphones,South,5,796.87,3984.35
2023-06-28,Tablet,North,10,867.33,8673.300000000001
2023-04-11,Laptop,South,5,587.48,2937.4
2023-09-25,Monitor,East,3,782.44,2347.32
2023-11-19,Phone,South,6,376.21,2257.2599999999998
2023-03-06,Tablet,South,4,473.47,1893.88
2023-06-17,Phone,East,18,741.5,13347.0
2023-11-26,Tablet,North,9,447.59,4028.31
2023-02-12,Tablet,South,17,629.65,10704.05
2023-02-13,Laptop,South,13,266.84,3468.9199999999996
2023-10-12,Phone,East,15,639.79,9596.849999999999
2023-01-12,Phone,North,17,875.36,14881.12
2023-04-05,Monitor,South,13,881.78,11463.14
2023-10-29,Monitor,East,16,751.91,12030.56
2023-09-10,Laptop,South,4,771.18,3084.72
2023-08-30,Laptop,West,5,602.13,3010.65
2023-02-04,Headphones,East,5,626.2,3131.0
2023-08-03,Monitor,North,9,220.29,1982.61
2023-12-03,Tablet,North,17,499.47,8490.99
2023-03-31,Phone,North,13,505.7,6574.099999999999
2023-09-21,Laptop,North,2,962.65,1925.3
2023-04-03,Phone,South,13,487.98,6343.74
2023-03-31,Phone,South,19,594.41,11293.789999999999
2023-04-25,Headphones,North,3,579.93,1739.79
2023-04-15,Monitor,North,10,673.09,6730.900000000001
2023-07-15,Laptop,North,2,773.41,1546.82
2023-11-10,Phone,South,13,302.54,3933.0200000000004
2023-04-24,Laptop,North,19,575.85,10941.15
2023-03-16,Tablet,North,17,843.33,14336.61
2023-08-05,Headphones,West,14,516.8,7235.199999999999
2023-10-04,Tablet,West,12,350.61,4207.32
2023-09-06,Laptop,North,12,689.24,8270.880000000001
2023-06-13,Laptop,East,11,841.39,9255.289999999999
2023-12-23,Monitor,North,7,156.83,1097.8100000000002
2023-07-11,Phone,West,4,799.11,3196.44
2023-08-15,Phone,East,19,839.48,15950.12
2023-06-26,Tablet,East,1,515.37,515.37
2023-04-09,Headphones,North,3,984.98,2954.94
2023-02-05,Phone,West,13,808.04,10504.52
2023-04-06,Monitor,West,15,796.3,11944.5
2023-06-01,Tablet,East,2,773.05,1546.1
2023-05-31,Tablet,North,11,235.55,2591.05
2023-07-09,Monitor,South,4,295.51,1182.04
2023-08-12,Headphones,South,19,517.59,9834.210000000001
2023-02-06,Monitor,West,17,337.6,5739.200000000001
2023-09-25,Headphones,South,3,473.72,1421.16
2023-07-02,Monitor,West,18,899.62,16193.16
2023-01-13,Monitor,West,8,841.89,6735.12
2023-10-06,Laptop,West,19,667.04,12673.759999999998
2023-08-05,Tablet,South,5,872.31,4361.549999999999
2023-12-21,Monitor,West,7,805.4,5637.8
2023-12-27,Monitor,East,8,486.09,3888.72
2023-10-13,Phone,North,5,280.96,1404.8
2023-09-30,Tablet,North,17,562.78,9567.26
2023-03-03,Phone,West,5,762.61,3813.05
2023-03-25,Tablet,North,4,492.78,1971.12
2023-08-05,Phone,South,19,700.09,13301.710000000001
2023-12-08,Monitor,South,2,184.89,369.78
2023-07-06,Monitor,North,11,773.2,8505.2
2023-01-19,Laptop,South,13,831.44,10808.720000000001
2023-06-26,Phone,North,15,736.15,11042.25
2023-04-10,Headphones,North,12,970.54,11646.48
2023-08-21,Laptop,North,11,843.99,9283.89
2023-03-17,Phone,West,7,912.78,6389.46
2023-09-22,Phone,North,5,940.21,4701.05
2023-10-11,Laptop,West,17,821.21,13960.57
2023-07-25,Monitor,North,9,706.83,6361.47
2023-08-11,Phone,North,14,105.15,1472.1000000000001
2023-02-21,Monitor,North,12,519.24,6230.88
2023-12-05,Laptop,South,6,614.05,3684.2999999999997
2023-05-24,Monitor,West,17,373.63,6351.71
2023-03-10,Tablet,West,19,386.29,7339.51
2023-04-09,Headphones,North,19,965.04,18335.76
2023-01-25,Phone,North,16,902.54,14440.64
2023-02-22,Headphones,South,12,864.26,10371.119999999999
2023-05-31,Monitor,South,12,465.41,5584.92
2023-05-24,Phone,South,6,112.33,673.98
2023-02-26,Monitor,West,4,172.2,688.8
2023-02-08,Tablet,West,6,380.98,2285.88
2023-04-19,Laptop,West,11,114.17,1255.8700000000001
2023-06-30,Phone,North,1,115.43,115.43
2023-02-11,Tablet,West,15,924.94,13874.1
2023-07-05,Tablet,East,11,735.54,8090.94
2023-08-11,Phone,East,19,378.06,7183.14
2023-05-02,Monitor,South,18,219.38,3948.84
2023-05-13,Tablet,West,17,560.47,9527.99
2023-06-12,Headphones,East,19,104.81,1991.39
2023-08-03,Tablet,South,14,944.57,13223.980000000001
2023-08-09,Monitor,West,18,473.33,8519.94
2023-08-23,Monitor,North,19,462.1,8779.9
2023-11-27,Headphones,East,15,451.53,6772.95
2023-05-26,Tablet,North,15,162.4,2436.0
2023-08-27,Monitor,West,4,674.49,2697.96
2023-03-17,Phone,East,7,759.7,5317.900000000001
2023-01-09,Laptop,West,13,708.51,9210.63
2023-03-15,Laptop,North,3,224.59,673.77
2023-09-10,Laptop,East,16,620.96,9935.36
2023-08-18,Tablet,North,9,612.54,5512.86
2023-01-07,Headphones,West,8,881.57,7052.56
2023-06-23,Monitor,West,13,441.21,5735.73
2023-05-21,Phone,North,17,434.34,7383.78
2023-06-17,Phone,East,17,656.67,11163.39
2023-06-19,Tablet,North,17,669.77,11386.09
2023-10-10,Laptop,West,1,522.36,522.36
2023-05-02,Tablet,North,8,498.75,3990.0
2023-07-13,Headphones,West,19,544.73,10349.87
2023-01-05,Headphones,North,6,874.94,5249.64
2023-01-29,Monitor,East,3,515.05,1545.1499999999999
2023-06-14,Monitor,East,5,945.94,4729.700000000001
2023-12-05,Headphones,North,13,553.6,7196.8
2023-05-16,Headphones,North,15,954.28,14314.199999999999
2023-12-31,Headphones,East,14,849.55,11893.699999999999
2023-11-17,Tablet,West,16,426.19,6819.04
2023-12-08,Headphones,East,18,877.28,15791.039999999999
2023-05-25,Phone,West,11,199.06,2189.66
2023-11-23,Laptop,North,3,932.54,2797.62
2023-08-05,Headphones,North,10,668.48,6684.8
2023-10-28,Laptop,West,10,148.95,1489.5
2023-05-12,Tablet,North,16,679.83,10877.28
2023-10-19,Laptop,West,12,976.82,11721.84
2023-03-11,Tablet,South,2,162.82,325.64
2023-09-09,Phone,East,9,599.22,5392.9800000000005
2023-10-02,Tablet,South,3,773.01,2319.0299999999997
2023-12-30,Tablet,West,15,829.23,12438.45
2023-07-01,Monitor,East,3,472.44,1417.32
2023-06-16,Headphones,West,19,283.75,5391.25
2023-04-01,Headphones,East,18,138.11,2485.9800000000005
2023-07-21,Phone,East,8,621.75,4974.0
2023-12-12,Phone,East,17,507.62,8629.54
2023-01-19,Headphones,East,8,953.87,7630.96
2023-02-08,Monitor,West,7,154.54,1081.78
2023-05-06,Headphones,East,7,716.86,5018.02
2023-06-22,Monitor,East,3,122.47,367.40999999999997
2023-05-21,Phone,South,1,254.29,254.29
2023-08-30,Laptop,North,4,508.22,2032.88
2023-08-08,Phone,North,5,509.39,2546.95
2023-05-06,Phone,South,1,717.13,717.13
2023-02-27,Tablet,South,15,919.19,13787.85
2023-05-28,Tablet,West,5,675.13,3375.65
2023-11-13,Tablet,West,13,958.18,12456.34
2023-12-27,Tablet,West,8,893.45,7147.6
2023-01-01,Monitor,South,8,626.05,5008.4
2023-12-14,Headphones,South,5,850.41,4252.05
2023-07-09,Laptop,East,9,678.32,6104.88
2023-07-10,Phone,West,1,170.7,170.7
2023-11-08,Monitor,West,4,766.51,3066.04
2023-04-27,Laptop,West,3,185.42,556.26
2023-05-14,Monitor,North,2,634.67,1269.34
2023-02-27,Monitor,East,8,732.38,5859.04
2023-02-13,Phone,West,9,159.87,1438.83
2023-06-22,Headphones,West,2,307.72,615.44
2023-06-09,Tablet,West,14,924.11,12937.54
2023-06-22,Headphones,North,14,654.68,9165.519999999999
2023-11-13,Phone,North,4,321.66,1286.64
2023-10-30,Phone,South,6,721.61,4329.66
2023-05-29,Phone,East,11,637.1,7008.1
2023-03-21,Laptop,South,3,551.42,1654.2599999999998
2023-08-01,Headphones,East,8,978.57,7828.56
2023-07-22,Headphones,North,3,715.11,2145.33
2023-09-09,Monitor,West,14,437.9,6130.599999999999
2023-08-17,Monitor,South,13,820.07,10660.91
2023-06-13,Monitor,West,13,896.12,11649.56
2023-08-15,Phone,South,2,212.7,425.4
2023-05-27,Headphones,North,13,280.5,3646.5
2023-01-20,Phone,North,19,294.6,5597.400000000001
2023-02-16,Laptop,North,6,722.09,4332.54
2023-08-21,Monitor,South,16,642.74,10283.84
2023-11-01,Phone,East,2,657.09,1314.18
2023-01-14,Phone,South,8,946.7,7573.6
2023-05-23,Laptop,East,17,798.32,13571.44
2023-01-01,Tablet,South,2,215.14,430.28
2023-02-23,Headphones,South,10,412.76,4127.6
2023-09-16,Tablet,North,16,491.85,7869.6
2023-05-24,Monitor,West,6,456.37,2738.2200000000003
2023-01-12,Phone,West,2,702.38,1404.76
2023-11-26,Laptop,East,2,902.7,1805.4
2023-08-12,Laptop,West,13,375.45,4880.849999999999
2023-09-29,Headphones,South,15,596.69,8950.35
2023-12-24,Tablet,South,2,810.47,1620.94
2023-06-05,Headphones,North,7,474.6,3322.2000000000003
2023-01-08,Phone,North,3,251.31,753.9300000000001
2023-05-02,Headphones,West,8,527.46,4219.68
2023-12-14,Laptop,East,14,149.7,2095.7999999999997
2023-06-13,Laptop,West,7,948.15,6637.05
2023-03-31,Monitor,West,7,167.34,1171.38
2023-05-16,Monitor,West,1,494.61,494.61
2023-07-05,Phone,West,17,576.89,9807.13
2023-11-12,Tablet,South,9,986.77,8880.93
2023-06-27,Headphones,East,13,249.42,3242.46
2023-01-28,Phone,South,19,202.99,3856.8100000000004
2023-08-08,Monitor,East,19,107.84,2048.96
2023-12-23,Headphones,North,17,240.01,4080.17
2023-02-10,Monitor,West,10,286.55,2865.5
2023-08-16,Headphones,South,10,667.52,6675.2
2023-07-11,Tablet,East,4,297.74,1190.96
2023-05-25,Phone,North,8,118.47,947.76
2023-07-20,Headphones,North,18,843.96,15191.28
2023-07-31,Laptop,West,14,429.04,6006.56
2023-08-08,Laptop,East,18,418.33,7529.94
2023-08-28,Headphones,South,14,372.23,5211.22
2023-02-15,Headphones,West,15,977.84,14667.6
2023-02-04,Headphones,South,4,253.1,1012.4
2023-09-10,Laptop,North,13,908.41,11809.33
2023-03-23,Laptop,South,8,799.12,6392.96
2023-09-13,Headphones,South,18,168.83,3038.94
2023-07-16,Monitor,West,12,988.06,11856.72
2023-10-30,Monitor,South,14,344.23,4819.22
2023-01-10,Tablet,West,2,188.72,377.44
2023-11-08,Phone,North,18,846.38,15234.84
2023-10-13,Monitor,West,2,736.01,1472.02
2023-08-30,Laptop,West,11,655.5,7210.5
2023-09-08,Monitor,East,9,240.38,2163.42
2023-12-31,Tablet,South,12,530.65,6367.799999999999
2023-01-05,Tablet,North,17,802.5,13642.5
2023-04-29,Phone,West,15,373.26,5598.9
2023-10-16,Monitor,North,17,380.52,6468.84
2023-03-06,Laptop,East,18,102.83,1850.94
2023-05-26,Laptop,South,6,256.82,1540.92
2023-08-12,Headphones,West,17,887.87,15093.79
2023-08-27,Laptop,South,18,497.57,8956.26
2023-06-26,Phone,East,8,985.81,7886.48
2023-09-24,Phone,East,9,456.14,4105.26
2023-12-07,Laptop,North,6,743.67,4462.0199999999995
2023-10-09,Laptop,West,5,353.73,1768.65
2023-03-04,Headphones,North,12,427.43,5129.16
2023-08-05,Laptop,East,11,271.65,2988.1499999999996
2023-12-08,Headphones,South,1,412.36,412.36
2023-11-11,Headphones,North,11,592.51,6517.61
2023-10-10,Laptop,North,19,992.6,18859.4
2023-06-26,Tablet,South,9,697.78,6280.0199999999995
2023-04-08,Tablet,North,2,279.32,558.64
2023-04-15,Headphones,South,12,140.47,1685.6399999999999
2023-04-09,Laptop,West,4,213.72,854.88
2023-11-07,Tablet,South,4,606.3,2425.2
2023-01-06,Laptop,West,18,788.64,14195.52
2023-07-16,Laptop,South,15,946.38,14195.7
2023-12-17,Laptop,East,19,114.24,2170.56
2023-05-13,Monitor,East,13,570.48,7416.24
2023-12-24,Laptop,West,19,523.78,9951.82
2023-09-16,Monitor,West,17,690.45,11737.650000000001
2023-01-23,Headphones,East,6,603.62,3621.7200000000003
2023-02-22,Tablet,West,16,718.34,11493.44
2023-06-14,Tablet,South,12,692.27,8307.24
2023-07-21,Tablet,South,19,205.31,3900.89
2023-03-24,Tablet,East,5,819.75,4098.75
2023-05-25,Tablet,North,17,210.91,3585.47
2023-03-26,Tablet,South,1,728.68,728.68
2023-03-19,Tablet,West,10,474.53,4745.299999999999
2023-01-01,Headphones,North,15,562.47,8437.050000000001
2023-02-20,Laptop,North,11,912.97,10042.67
2023-06-22,Phone,South,13,900.9,11711.699999999999
2023-07-24,Monitor,South,5,836.07,4180.35
2023-09-17,Phone,North,1,559.13,559.13
2023-10-15,Phone,North,12,762.62,9151.44
2023-02-03,Laptop,East,11,561.61,6177.71
2023-12-14,Laptop,West,17,882.65,15005.05
2023-04-05,Laptop,East,4,462.5,1850.0
2023-03-13,Tablet,South,15,973.21,14598.150000000001
2023-02-08,Headphones,East,9,939.09,8451.81
2023-06-03,Tablet,East,19,767.44,14581.36
2023-09-07,Headphones,East,19,351.47,6677.93
2023-06-11,Headphones,East,12,218.49,2621.88
2023-04-28,Phone,West,5,869.23,4346.15
2023-09-16,Phone,West,10,248.77,2487.7000000000003
2023-11-02,Headphones,North,17,868.83,14770.11
2023-09-25,Headphones,South,5,541.69,2708.4500000000003
2023-02-23,Tablet,East,16,465.9,7454.4
2023-08-24,Tablet,North,7,912.87,6390.09
2023-08-10,Phone,North,9,643.47,5791.2300000000005
2023-09-08,Laptop,North,3,618.95,1856.8500000000001
2023-11-09,Headphones,West,15,602.89,9043.35
2023-04-22,Tablet,East,16,434.05,6944.8
2023-09-12,Phone,East,18,807.08,14527.44
2023-10-30,Tablet,South,14,327.52,4585.28
2023-07-26,Headphones,East,3,945.01,2835.0299999999997
2023-08-17,Headphones,East,12,904.59,10855.08
2023-12-07,Monitor,North,9,403.73,3633.57
2023-03-07,Laptop,South,7,756.52,5295.639999999999
2023-03-16,Monitor,East,9,615.9,5543.099999999999
2023-04-13,Phone,West,13,403.88,5250.44
2023-07-11,Tablet,East,18,989.67,17814.059999999998
2023-09-09,Phone,North,5,122.71,613.55
2023-08-14,Headphones,West,13,327.38,4255.94
2023-10-21,Monitor,North,4,568.07,2272.28
2023-11-02,Monitor,East,2,569.76,1139.52
2023-04-08,Monitor,West,16,630.04,10080.64
2023-12-04,Phone,South,9,776.51,6988.59
2023-10-13,Headphones,South,9,661.13,5950.17
2023-12-01,Tablet,West,6,640.25,3841.5
2023-12-13,Tablet,West,11,148.16,1629.76
2023-11-04,Phone,North,1,438.88,438.88
2023-09-06,Monitor,West,4,308.85,1235.4
2023-06-15,Laptop,North,13,338.83,4404.79
2023-12-01,Phone,East,13,598.9,7785.7
2023-01-30,Phone,North,13,279.55,3634.15
2023-09-04,Headphones,West,2,364.55,729.1
2023-04-16,Tablet,West,9,313.38,2820.42
2023-02-20,Phone,East,8,953.65,7629.2
2023-03-22,Phone,West,7,950.2,6651.400000000001
2023-05-13,Monitor,West,4,648.95,2595.8
2023-10-12,Monitor,South,18,932.07,16777.260000000002
2023-05-18,Laptop,South,3,807.23,2421.69
2023-07-03,Headphones,East,6,630.95,3785.7000000000003
2023-11-26,Laptop,North,12,105.79,1269.48
2023-09-30,Monitor,South,12,795.26,9543.119999999999
2023-12-06,Tablet,North,8,732.24,5857.92
2023-03-10,Monitor,West,1,653.73,653.73
2023-02-03,Headphones,South,4,784.38,3137.52
2023-09-19,Monitor,East,11,561.63,6177.93
2023-02-22,Headphones,East,3,733.67,2201.0099999999998
2023-07-24,Headphones,East,13,941.65,12241.449999999999
2023-05-06,Headphones,South,17,438.22,7449.740000000001
2023-08-23,Headphones,North,10,737.31,7373.099999999999
2023-02-12,Headphones,West,12,528.12,6337.4400000000005
2023-08-28,Tablet,North,15,706.96,10604.400000000001
2023-04-21,Laptop,North,10,786.6,7866.0
2023-09-06,Phone,West,14,140.91,1972.74
2023-05-31,Laptop,West,13,681.94,8865.220000000001
2023-07-02,Headphones,South,5,304.07,1520.35
2023-12-02,Tablet,South,6,703.03,4218.18
2023-04-05,Monitor,South,2,521.5,1043.0
2023-01-08,Tablet,South,17,796.2,13535.400000000001
2023-12-26,Headphones,South,4,211.06,844.24
2023-07-03,Tablet,West,14,663.69,9291.66
2023-10-08,Tablet,North,10,350.62,3506.2
2023-07-14,Headphones,South,3,867.68,2603.04
2023-12-18,Tablet,South,3,935.55,2806.6499999999996
2023-07-14,Phone,North,15,996.76,14951.4
2023-06-04,Phone,South,6,816.41,4898.46
2023-04-03,Tablet,North,17,778.36,13232.12
2023-06-09,Monitor,North,12,293.95,3527.3999999999996
2023-03-02,Headphones,West,11,402.41,4426.51
2023-05-02,Phone,East,4,519.11,2076.44
2023-02-20,Monitor,West,6,796.04,4776.24
2023-10-04,Tablet,East,1,923.47,923.47
2023-01-05,Monitor,East,16,270.23,4323.68
2023-04-02,Laptop,East,15,930.13,13951.95
2023-06-19,Phone,South,17,726.06,12343.019999999999
2023-11-13,Tablet,West,8,649.69,5197.52
2023-01-22,Headphones,East,12,279.86,3358.32
2023-11-22,Tablet,North,10,149.97,1499.7
2023-01-01,Headphones,South,15,611.62,9174.3
2023-05-13,Tablet,West,9,686.36,6177.24
2023-08-21,Monitor,East,2,289.7,579.4
2023-01-12,Monitor,North,5,600.81,3004.0499999999997
2023-12-12,Monitor,West,6,870.84,5225.04
2023-02-15,Laptop,West,7,851.56,5960.92
2023-02-03,Headphones,South,1,934.62,934.62
2023-03-19,Monitor,West,7,429.3,3005.1
2023-08-06,Laptop,South,12,386.24,4634.88
2023-10-28,Headphones,East,16,774.48,12391.68
2023-03-14,Tablet,South,16,488.0,7808.0
2023-10-09,Laptop,North,11,178.79,1966.6899999999998
2023-09-06,Phone,South,4,354.52,1418.08
2023-02-16,Laptop,North,13,476.72,6197.360000000001
2023-05-01,Laptop,South,7,363.26,2542.8199999999997
2023-08-02,Headphones,West,4,398.99,1595.96
2023-08-27,Tablet,East,15,364.4,5466.0
2023-02-25,Phone,North,19,137.35,2609.65
2023-12-16,Monitor,South,9,673.39,6060.51
2023-04-17,Monitor,South,11,637.56,7013.16
2023-11-15,Laptop,South,8,688.05,5504.4
2023-02-17,Headphones,West,1,273.08,273.08
2023-03-02,Headphones,West,8,366.09,2928.72
2023-12-03,Monitor,North,13,657.65,8549.449999999999
2023-01-26,Phone,North,4,639.66,2558.64
2023-10-19,Tablet,West,8,555.7,4445.6
2023-09-14,Phone,North,3,415.37,1246.1100000000001
2023-01-08,Tablet,East,9,921.64,8294.76
2023-04-23,Monitor,East,2,405.79,811.58
2023-12-21,Tablet,West,2,510.06,1020.12
2023-09-10,Headphones,North,13,710.3,9233.9
2023-06-29,Laptop,South,15,588.72,8830.800000000001
2023-07-26,Laptop,East,12,412.2,4946.4
2023-10-30,Monitor,West,4,492.08,1968.32
2023-05-07,Headphones,North,8,815.03,6520.24
2023-02-25,Phone,West,9,350.32,3152.88
2023-08-02,Headphones,South,5,228.03,1140.15
2023-01-14,Laptop,East,18,381.85,6873.3
2023-01-28,Laptop,West,11,864.58,9510.380000000001
2023-03-19,Headphones,West,15,180.09,2701.35
2023-08-04,Headphones,West,9,992.53,8932.77
2023-12-31,Laptop,South,17,586.9,9977.3
2023-06-03,Phone,West,12,986.36,11836.32
2023-01-14,Monitor,South,7,945.1,6615.7
2023-07-06,Monitor,South,10,507.53,5075.299999999999
2023-11-08,Headphones,South,10,278.64,2786.3999999999996
2023-01-07,Monitor,East,13,248.4,3229.2000000000003
2023-01-03,Laptop,East,19,315.99,6003.81
2023-04-21,Laptop,West,11,739.12,8130.32
2023-08-26,Headphones,West,13,345.65,4493.45
2023-12-29,Headphones,East,8,407.28,3258.24
2023-08-27,Headphones,North,8,503.9,4031.2
2023-10-01,Phone,East,4,921.91,3687.64
2023-10-21,Monitor,South,15,270.45,4056.75
2023-08-15,Headphones,East,11,104.52,1149.72
2023-01-15,Tablet,South,11,154.09,1694.99
2023-07-11,Tablet,West,1,914.29,914.29
2023-04-29,Laptop,North,17,682.76,11606.92
2023-01-28,Monitor,West,15,345.74,5186.1
2023-07-21,Headphones,South,6,259.47,1556.8200000000002
2023-02-08,Tablet,South,15,364.84,5472.599999999999
2023-09-30,Monitor,South,9,203.32,1829.8799999999999
2023-08-19,Laptop,North,14,947.38,13263.32
2023-03-27,Phone,East,18,805.79,14504.22
2023-05-06,Monitor,West,17,516.15,8774.55
2023-10-27,Monitor,West,18,878.47,15812.460000000001
2023-01-25,Phone,East,5,324.51,1622.55
2023-05-25,Monitor,West,9,745.41,6708.69
2023-01-13,Laptop,North,11,870.52,9575.72
2023-07-31,Laptop,West,1,421.09,421.09
2023-01-25,Phone,South,18,781.72,14070.960000000001
2023-03-09,Headphones,East,6,365.57,2193.42
2023-03-08,Tablet,North,2,368.97,737.94
2023-08-21,Headphones,East,15,196.35,2945.25
2023-04-19,Monitor,North,14,496.05,6944.7
2023-05-26,Tablet,South,5,756.74,3783.7
2023-04-21,Phone,East,6,946.2,5677.200000000001
2023-08-16,Phone,West,6,643.42,3860.5199999999995
2023-04-21,Tablet,North,18,876.82,15782.76
2023-02-03,Laptop,East,14,840.25,11763.5
2023-04-21,Tablet,West,10,256.01,2560.1
2023-09-21,Monitor,East,14,537.24,7521.360000000001
2023-08-24,Laptop,East,13,205.23,2667.99
2023-03-24,Phone,East,3,713.94,2141.82
2023-02-11,Tablet,North,6,954.91,5729.46
2023-04-11,Headphones,West,8,223.38,1787.04
2023-01-06,Headphones,South,12,760.49,9125.880000000001
2023-06-29,Monitor,North,13,669.01,8697.13
2023-10-09,Headphones,North,11,625.24,6877.64
2023-11-16,Tablet,North,12,451.11,5413.32
2023-08-14,Tablet,South,1,419.62,419.62
2023-11-11,Headphones,West,17,140.72,2392.24
2023-12-31,Tablet,West,16,296.12,4737.92
2023-08-17,Monitor,West,11,113.66,1250.26
2023-10-16,Laptop,East,13,623.28,8102.639999999999
2023-05-30,Monitor,East,18,195.27,3514.86
2023-10-04,Monitor,East,11,885.72,9742.92
2023-07-17,Tablet,South,12,570.83,6849.960000000001
2023-03-11,Laptop,East,6,729.72,4378.32
2023-04-22,Tablet,South,9,469.77,4227.93
2023-01-04,Phone,West,16,604.52,9672.32
2023-12-16,Tablet,East,4,948.39,3793.56
2023-11-27,Tablet,East,3,174.46,523.38
2023-11-14,Tablet,North,16,328.54,5256.64
2023-12-16,Laptop,South,12,801.99,9623.880000000001
2023-04-05,Tablet,West,11,188.86,2077.46
2023-06-01,Laptop,North,5,168.09,840.45
2023-11-07,Headphones,North,18,425.39,7657.0199999999995
2023-05-17,Phone,West,19,182.95,3476.0499999999997
2023-09-04,Laptop,North,6,626.57,3759.42
2023-08-31,Headphones,South,18,303.65,5465.7
2023-01-31,Laptop,South,6,906.13,5436.78
2023-02-09,Laptop,East,4,805.15,3220.6
2023-08-17,Phone,North,12,729.73,8756.76
2023-02-05,Monitor,East,19,655.25,12449.75
2023-08-11,Monitor,North,2,877.12,1754.24
2023-01-06,Laptop,South,17,300.76,5112.92
2023-11-18,Tablet,South,11,885.8,9743.8
2023-08-08,Headphones,South,11,810.54,8915.939999999999
2023-03-16,Tablet,North,16,773.34,12373.44
2023-01-04,Tablet,South,2,605.13,1210.26
2023-12-01,Laptop,North,2,321.62,643.24
2023-05-14,Laptop,East,8,481.19,3849.52
2023-04-28,Laptop,North,13,814.21,10584.73
2023-04-04,Laptop,East,10,128.6,1286.0
2023-03-03,Monitor,North,8,803.85,6430.8
2023-07-13,Laptop,East,4,316.06,1264.24
2023-12-01,Monitor,South,15,229.88,3448.2
2023-07-22,Monitor,East,1,204.13,204.13
2023-01-26,Laptop,South,11,124.53,1369.83
2023-06-22,Phone,South,7,571.23,3998.61
2023-10-27,Headphones,East,17,296.43,5039.31
2023-05-13,Tablet,North,18,990.49,17828.82
2023-11-22,Monitor,North,12,616.99,7403.88
2023-04-28,Headphones,West,9,224.1,2016.8999999999999
2023-11-20,Phone,North,5,719.89,3599.45
2023-10-02,Tablet,West,10,907.97,9079.7
2023-07-31,Tablet,North,4,770.66,3082.64
2023-08-13,Monitor,North,5,168.8,844.0
2023-01-20,Laptop,South,10,906.3,9063.0
2023-04-23,Phone,West,11,814.54,8959.939999999999
2023-05-20,Monitor,North,10,242.47,2424.7
2023-02-16,Phone,West,8,146.61,1172.88
2023-01-01,Laptop,South,2,601.58,1203.16
2023-03-31,Laptop,South,8,240.43,1923.44
2023-05-22,Monitor,West,16,851.13,13618.08
2023-11-16,Laptop,South,5,422.5,2112.5
2023-02-07,Headphones,East,3,921.6,2764.8
2023-10-20,Tablet,East,12,609.12,7309.4400000000005
2023-05-19,Monitor,South,13,264.41,3437.3300000000004
2023-12-22,Phone,East,13,225.64,2933.3199999999997
2023-11-29,Headphones,North,10,618.83,6188.3
